n_estimators,max_depth,learning_rate,subsample,colsample_bytree,min_child_weight,gamma,reg_alpha,reg_lambda
374,7,0.021915023412663028,0.9287294878072603,0.7841557962520868,8,0.7974772096959228,0.5552369881389054,1.9159473505553417
