fold,rmse,r2,mae
1,1.0819546506138604,0.24490809100389588,0.8513397390806872
2,1.0714267473730885,0.25074466869258605,0.8472415672301185
3,1.0718628251213114,0.2617364834700071,0.8489222790307189
4,1.0818467057026024,0.24838210768488822,0.8525839477745134
5,1.0857237233018788,0.24782873684701068,0.8549135333457855
